[Header],,,,,,,,,
IEMFileVersion,4,,,,,,,,
Investigator Name,Grimmer Gudrun,,,,,,,,
Experiment Name,Nov2016-ITS2,,,,,,,,
Date,02.11.2016,,,,,,,,
Workflow,GenerateFASTQ,,,,,,,,
Application,FASTQ Only,,,,,,,,
Assay,Schloss,,,,,,,,
Description,,,,,,,,,
Chemistry,Amplicon,,,,,,,,
,,,,,,,,,
[Reads],,,,,,,,,
251,,,,,,,,,
251,,,,,,,,,
,,,,,,,,,
[Settings],,,,,,,,,
Adapter,CTGTCTCTTATACACATCT,,,,,,,,
,,,,,,,,,
[Data],,,,,,,,,
Sample_ID,Sample_Name,Sample_Plate,Sample_Well,I7_Index_ID,index,I5_Index_ID,index2,Sample_Project,Description
